Date of Repayment,Number of Loans,Default (as of 2023-05-09),Liquidation (as of 2023-05-09),Default (as of 2023-06-08),Liquidation (as of 2023-06-08),Default (as of 2023-07-08),Liquidation (as of 2023-07-08),Default (as of 2023-08-07),Liquidation (as of 2023-08-07),Default (fully mature),Liquidation (fully mature)
2021-08-28,32,5,27,2,29,2,29,2,29,2,30
2021-08-29,39,2,37,3,36,3,36,3,36,3,36
2021-08-30,45,2,43,3,41,3,41,3,41,3,42
2021-08-31,39,4,35,3,36,3,36,3,36,3,36
2021-09-01,26,2,24,2,24,2,24,2,24,2,24
2021-09-02,47,2,45,4,43,4,43,4,43,4,43
2021-09-03,63,5,58,5,58,5,58,5,58,5,58
2021-09-04,43,4,39,3,39,3,39,3,39,3,40
2021-09-05,39,6,33,3,36,3,36,3,36,3,36
2021-09-06,34,3,31,3,31,3,31,3,31,3,31
2021-09-07,41,1,40,3,38,3,38,3,38,3,38
2021-09-08,40,3,37,3,37,3,37,3,37,3,37
2021-09-09,31,3,28,2,28,2,28,2,28,2,29
2021-09-10,56,5,51,4,51,4,51,4,51,4,52
2021-09-11,29,1,28,2,27,2,27,2,27,2,27
2021-09-12,44,4,40,3,40,3,40,3,40,3,41
2021-09-13,45,3,42,3,41,3,41,3,41,3,42
2021-09-14,46,1,45,3,42,3,42,3,42,3,43
2021-09-15,46,2,44,3,42,3,42,3,42,3,43
2021-09-16,90,10,80,7,83,7,83,7,83,7,83
2021-09-17,59,5,54,4,54,4,54,4,54,4,55
2021-09-18,56,5,51,4,51,4,51,4,51,4,52
2021-09-19,47,2,45,4,43,4,43,4,43,4,43
2021-09-20,55,4,51,4,50,4,50,4,50,4,51
2021-09-21,59,5,54,4,54,4,54,4,54,4,55
2021-09-22,44,3,41,3,40,3,40,3,40,3,41
2021-09-23,48,2,46,4,44,4,44,4,44,4,44
2021-09-24,51,4,47,4,47,4,47,4,47,4,47
2021-09-25,51,5,46,4,47,4,47,4,47,4,47
2021-09-26,52,6,46,4,48,4,48,4,48,4,48
2021-09-27,39,3,36,3,36,3,36,3,36,3,36
2021-09-28,45,3,42,3,41,3,41,3,41,3,42
2021-09-29,38,1,37,3,35,3,35,3,35,3,35
2021-09-30,57,9,48,4,52,4,52,4,52,4,53
2021-10-01,60,4,56,5,55,5,55,5,55,4,56
2021-10-02,46,2,44,3,42,3,42,3,42,3,43
2021-10-03,48,7,41,4,44,4,44,4,44,4,44
2021-10-04,54,5,49,4,50,4,50,4,50,4,50
2021-10-05,63,8,55,5,58,5,58,5,58,5,58
2021-10-06,63,6,57,5,58,5,58,5,58,5,58
2021-10-07,52,0,52,4,48,4,48,4,48,4,48
2021-10-08,117,14,103,9,107,9,107,9,107,9,108
2021-10-09,65,2,63,5,60,5,60,5,60,5,60
2021-10-10,71,8,63,5,65,5,65,5,65,5,66
2021-10-11,66,5,61,5,61,5,61,5,61,5,61
2021-10-12,61,7,54,5,56,5,56,5,56,5,56
2021-10-13,69,6,63,5,63,5,63,5,63,5,64
2021-10-14,86,12,74,6,79,6,79,6,79,6,80
2021-10-15,91,9,82,7,84,7,84,7,84,7,84
2021-10-16,70,2,68,5,64,5,64,5,64,5,65
2021-10-17,72,3,69,5,66,5,66,5,66,5,67
2021-10-18,59,6,53,4,54,4,54,4,54,4,55
2021-10-19,69,7,62,5,63,5,63,5,63,5,64
2021-10-20,67,5,62,5,62,5,62,5,62,5,62
2021-10-21,63,4,59,5,58,5,58,5,58,5,58
2021-10-22,83,4,79,6,76,6,76,6,76,6,77
2021-10-23,65,6,59,5,60,5,60,5,60,5,60
2021-10-24,77,12,65,6,71,6,71,6,71,6,71
2021-10-25,59,3,56,4,54,4,54,4,54,4,55
2021-10-26,62,5,57,5,57,5,57,5,57,5,57
2021-10-27,56,2,54,4,51,4,51,4,51,4,52
2021-10-28,62,8,54,5,57,5,57,5,57,5,57
2021-10-29,93,4,89,7,85,7,85,7,85,7,86
2021-10-30,57,6,51,4,52,4,52,4,52,4,53
2021-10-31,75,2,73,6,69,6,69,6,69,6,69
2021-11-01,71,4,67,5,65,5,65,5,65,5,66
2021-11-02,87,11,76,7,80,7,80,7,80,6,81
2021-11-03,79,12,67,6,73,6,73,6,73,6,73
2021-11-04,88,12,76,7,81,7,81,7,81,7,81
2021-11-05,71,9,62,5,65,5,65,5,65,5,66
2021-11-06,74,8,66,6,68,6,68,6,68,6,68
2021-11-07,91,10,81,7,84,7,84,7,84,7,84
2021-11-08,94,11,83,7,86,7,86,7,86,7,87
2021-11-09,80,6,74,6,73,6,73,6,73,6,74
2021-11-10,94,11,83,7,86,7,86,7,86,7,87
2021-11-11,80,4,76,6,73,6,73,6,73,6,74
2021-11-12,92,9,83,7,84,7,84,7,84,7,85
2021-11-13,88,9,79,7,81,7,81,7,81,7,81
2021-11-14,92,11,81,7,84,7,84,7,84,7,85
2021-11-15,108,10,98,8,99,8,99,8,99,8,100
2021-11-16,93,8,85,7,85,7,85,7,85,7,86
2021-11-17,79,4,75,6,73,6,73,6,73,6,73
2021-11-18,94,9,85,7,86,7,86,7,86,7,87
2021-11-19,94,8,86,7,86,7,86,7,86,7,87
2021-11-20,75,8,67,6,69,6,69,6,69,6,69
2021-11-21,100,6,94,8,92,8,92,8,92,7,93
2021-11-22,98,12,86,7,90,7,90,7,90,7,91
2021-11-23,102,7,95,8,94,8,94,8,94,8,94
2021-11-24,77,6,71,6,71,6,71,6,71,6,71
2021-11-25,109,2,107,8,100,8,100,8,100,8,101
2021-11-26,98,10,88,7,90,7,90,7,90,7,91
2021-11-27,95,6,89,7,87,7,87,7,87,7,88
2021-11-28,89,11,78,7,82,7,82,7,82,7,82
2021-11-29,86,3,83,6,79,6,79,6,79,6,80
2021-11-30,94,7,87,7,86,7,86,7,86,7,87
2021-12-01,94,4,90,7,86,7,86,7,86,7,87
2021-12-02,101,10,91,8,93,8,93,8,93,8,93
2021-12-03,102,5,97,8,94,8,94,8,94,8,94
2021-12-04,80,2,78,6,73,6,73,6,73,6,74
2021-12-05,91,7,84,7,84,7,84,7,84,7,84
2021-12-06,107,6,101,8,98,8,98,8,98,8,99
2021-12-07,111,10,101,8,102,8,102,8,102,8,103
2021-12-08,94,8,86,7,86,7,86,7,86,7,87
2021-12-09,100,5,95,8,92,8,92,8,92,7,93
2021-12-10,121,8,113,9,111,9,111,9,111,9,112
2021-12-11,87,3,84,7,80,7,80,7,80,6,81
2021-12-12,101,5,96,8,93,8,93,8,93,8,93
2021-12-13,111,7,104,8,102,8,102,8,102,8,103
2021-12-14,88,10,78,7,81,7,81,7,81,7,81
2021-12-15,101,4,97,8,93,8,93,8,93,8,93
2021-12-16,106,12,94,8,97,8,97,8,97,8,98
2021-12-17,117,12,105,9,107,9,107,9,107,9,108
2021-12-18,98,2,96,7,90,7,90,7,90,7,91
2021-12-19,110,5,105,8,101,8,101,8,101,8,102
2021-12-20,113,7,106,9,104,9,104,9,104,8,105
2021-12-21,100,7,93,8,92,8,92,8,92,7,93
2021-12-22,108,8,100,8,99,8,99,8,99,8,100
2021-12-23,113,9,104,9,104,9,104,9,104,8,105
2021-12-24,119,10,109,9,109,9,109,9,109,9,110
2021-12-25,102,6,96,8,94,8,94,8,94,8,94
2021-12-26,108,9,99,8,99,8,99,8,99,8,100
2021-12-27,107,9,98,8,98,8,98,8,98,8,99
2021-12-28,99,2,97,7,91,7,91,7,91,7,92
2021-12-29,80,4,76,6,73,6,73,6,73,6,74
2021-12-30,103,3,100,8,95,8,95,8,95,8,95
2021-12-31,104,4,100,8,95,8,95,8,95,8,96
2022-01-01,82,7,75,6,75,6,75,6,75,6,76
2022-01-02,106,6,100,8,97,8,97,8,97,8,98
2022-01-03,100,6,94,8,92,8,92,8,92,7,93
2022-01-04,96,6,90,7,88,7,88,7,88,7,89
2022-01-05,89,3,86,7,82,7,82,7,82,7,82
2022-01-06,112,7,105,8,103,8,103,8,103,8,104
2022-01-07,118,8,110,9,108,9,108,9,108,9,109
2022-01-08,108,9,99,8,99,8,99,8,99,8,100
2022-01-09,107,8,99,8,98,8,98,8,98,8,99
2022-01-10,114,8,106,9,105,9,105,9,105,8,106
2022-01-11,115,9,106,9,106,9,106,9,106,9,106
2022-01-12,105,9,96,8,96,8,96,8,96,8,97
2022-01-13,90,5,85,7,83,7,83,7,83,7,83
2022-01-14,123,6,117,9,113,9,113,9,113,9,114
2022-01-15,98,6,92,7,90,7,90,7,90,7,91
2022-01-16,108,10,98,8,99,8,99,8,99,8,100
2022-01-17,106,2,104,8,97,8,97,8,97,8,98
2022-01-18,104,5,99,8,95,8,95,8,95,8,96
2022-01-19,95,6,89,7,87,7,87,7,87,7,88
2022-01-20,101,9,92,8,93,8,93,8,93,8,93
2022-01-21,93,4,89,7,85,7,85,7,85,7,86
2022-01-22,87,5,82,7,80,7,80,7,80,6,81
2022-01-23,90,2,88,7,83,7,83,7,83,7,83
2022-01-24,101,10,91,8,93,8,93,8,93,8,93
2022-01-25,88,2,86,7,81,7,81,7,81,7,81
2022-01-26,82,4,78,6,75,6,75,6,75,6,76
2022-01-27,86,7,79,6,79,6,79,6,79,6,80
2022-01-28,94,7,87,7,86,7,86,7,86,7,87
2022-01-29,80,7,73,6,73,6,73,6,73,6,74
2022-01-30,79,5,74,6,73,6,73,6,73,6,73
2022-01-31,91,10,81,7,84,7,84,7,84,7,84
2022-02-01,88,9,79,7,81,7,81,7,81,7,81
2022-02-02,73,5,68,6,67,6,67,6,67,5,68
2022-02-03,76,6,70,6,70,6,70,6,70,6,70
2022-02-04,104,13,91,8,95,8,95,8,95,8,96
2022-02-05,80,8,72,6,73,6,73,6,73,6,74
2022-02-06,88,5,83,7,81,7,81,7,81,7,81
2022-02-07,89,4,85,7,82,7,82,7,82,7,82
2022-02-08,102,5,97,8,94,8,94,8,94,8,94
2022-02-09,80,6,74,6,73,6,73,6,73,6,74
2022-02-10,92,10,82,7,84,7,84,7,84,7,85
2022-02-11,85,4,81,6,78,6,78,6,78,6,79
2022-02-12,90,5,85,7,83,7,83,7,83,7,83
2022-02-13,94,3,91,7,86,7,86,7,86,7,87
2022-02-14,93,6,87,7,85,7,85,7,85,7,86
2022-02-15,84,7,77,6,77,6,77,6,77,6,78
2022-02-16,82,6,76,6,75,6,75,6,75,6,76
2022-02-17,89,8,81,7,82,7,82,7,82,7,82
2022-02-18,95,8,87,7,87,7,87,7,87,7,88
2022-02-19,70,7,63,5,64,5,64,5,64,5,65
2022-02-20,69,2,67,5,63,5,63,5,63,5,64
2022-02-21,84,5,79,6,77,6,77,6,77,6,78
2022-02-22,60,3,57,5,55,5,55,5,55,4,56
2022-02-23,62,5,57,5,57,5,57,5,57,5,57
2022-02-24,73,3,70,6,67,6,67,6,67,5,68
2022-02-25,71,4,67,5,65,5,65,5,65,5,66
2022-02-26,64,5,59,5,59,5,59,5,59,5,59
2022-02-27,67,5,62,5,62,5,62,5,62,5,62
2022-02-28,64,7,57,5,59,5,59,5,59,5,59
2022-03-01,70,4,66,5,64,5,64,5,64,5,65
2022-03-02,56,2,54,4,51,4,51,4,51,4,52
2022-03-03,82,4,78,6,75,6,75,6,75,6,76
2022-03-04,81,5,76,6,74,6,74,6,74,6,75
2022-03-05,58,3,55,4,53,4,53,4,53,4,54
2022-03-06,57,3,54,4,52,4,52,4,52,4,53
2022-03-07,61,8,53,5,56,5,56,5,56,5,56
2022-03-08,77,2,75,6,71,6,71,6,71,6,71
2022-03-09,61,5,56,5,56,5,56,5,56,5,56
2022-03-10,71,7,64,5,65,5,65,5,65,5,66
2022-03-11,89,10,79,7,82,7,82,7,82,7,82
2022-03-12,50,6,44,4,46,4,46,4,46,4,46
2022-03-13,64,4,60,5,59,5,59,5,59,5,59
2022-03-14,64,4,60,5,59,5,59,5,59,5,59
2022-03-15,70,3,67,5,64,5,64,5,64,5,65
2022-03-16,53,4,49,4,49,4,49,4,49,4,49
2022-03-17,65,1,64,5,60,5,60,5,60,5,60
2022-03-18,63,4,59,5,58,5,58,5,58,5,58
2022-03-19,61,4,57,5,56,5,56,5,56,5,56
2022-03-20,70,4,66,5,64,5,64,5,64,5,65
2022-03-21,59,6,53,4,54,4,54,4,54,4,55
2022-03-22,61,2,59,5,56,5,56,5,56,5,56
2022-03-23,41,0,41,3,38,3,38,3,38,3,38
2022-03-24,58,3,55,4,53,4,53,4,53,4,54
2022-03-25,74,2,72,6,68,6,68,6,68,6,68
2022-03-26,47,5,42,4,43,4,43,4,43,4,43
2022-03-27,71,7,64,5,65,5,65,5,65,5,66
2022-03-28,48,3,45,4,44,4,44,4,44,4,44
2022-03-29,56,6,50,4,51,4,51,4,51,4,52
2022-03-30,43,3,40,3,39,3,39,3,39,3,40
2022-03-31,61,3,58,5,56,5,56,5,56,5,56
2022-04-01,63,5,58,5,58,5,58,5,58,5,58
2022-04-02,43,6,37,3,39,3,39,3,39,3,40
2022-04-03,52,6,46,4,48,4,48,4,48,4,48
2022-04-04,79,6,73,6,73,6,73,6,73,6,73
2022-04-05,57,2,55,4,52,4,52,4,52,4,53
2022-04-06,36,3,33,3,33,3,33,3,33,3,33
2022-04-07,58,2,56,4,53,4,53,4,53,4,54
2022-04-08,73,2,71,6,67,6,67,6,67,5,68
2022-04-09,47,5,42,4,43,4,43,4,43,4,43
2022-04-10,70,6,64,5,64,5,64,5,64,5,65
2022-04-11,66,4,62,5,61,5,61,5,61,5,61
2022-04-12,57,4,53,4,52,4,52,4,52,4,53
2022-04-13,47,4,43,4,43,4,43,4,43,4,43
2022-04-14,56,6,50,4,51,4,51,4,51,4,52
2022-04-15,64,5,59,5,59,5,59,5,59,5,59
2022-04-16,41,3,38,3,38,3,38,3,38,3,38
2022-04-17,69,4,65,5,63,5,63,5,63,5,64
2022-04-18,70,6,64,5,64,5,64,5,64,5,65
2022-04-19,49,3,46,4,45,4,45,4,45,4,45
2022-04-20,41,6,35,3,38,3,38,3,38,3,38
2022-04-21,49,0,49,4,45,4,45,4,45,4,45
2022-04-22,58,4,54,4,53,4,53,4,53,4,54
2022-04-23,25,2,23,2,23,2,23,2,23,2,23
2022-04-24,47,3,44,4,43,4,43,4,43,4,43
2022-04-25,62,6,56,5,57,5,57,5,57,5,57
2022-04-26,49,7,42,4,45,4,45,4,45,4,45
2022-04-27,49,7,42,4,45,4,45,4,45,4,45
2022-04-28,53,1,52,4,49,4,49,4,49,4,49
2022-04-29,74,6,68,6,68,6,68,6,68,6,68
2022-04-30,47,1,46,4,43,4,43,4,43,4,43
2022-05-01,54,5,49,4,50,4,50,4,50,4,50
2022-05-02,104,2,102,8,95,8,95,8,95,8,96
2022-05-03,56,5,51,4,51,4,51,4,51,4,52
2022-05-04,43,2,41,3,39,3,39,3,39,3,40
2022-05-05,66,5,61,5,61,5,61,5,61,5,61
2022-05-06,71,7,64,5,65,5,65,5,65,5,66
2022-05-07,61,3,58,5,56,5,56,5,56,5,56
2022-05-08,59,5,54,4,54,4,54,4,54,4,55
2022-05-09,69,4,65,5,63,5,63,5,63,5,64
2022-05-10,69,5,64,5,63,5,63,5,63,5,64
2022-05-11,51,4,47,4,47,4,47,4,47,4,47
2022-05-12,69,4,65,5,63,5,63,5,63,5,64
2022-05-13,69,4,65,5,63,5,63,5,63,5,64
2022-05-14,73,4,69,6,67,6,67,6,67,5,68
2022-05-15,63,3,60,5,58,5,58,5,58,5,58
2022-05-16,64,5,58,5,59,5,59,5,59,5,59
2022-05-17,59,6,53,4,54,4,54,4,54,4,55
2022-05-18,56,6,50,4,51,4,51,4,51,4,52
2022-05-19,70,6,64,5,64,5,64,5,64,5,65
2022-05-20,80,4,76,6,73,6,73,6,73,6,74
2022-05-21,53,2,51,4,49,4,49,4,49,4,49
2022-05-22,64,3,61,5,59,5,59,5,59,5,59
2022-05-23,55,2,53,4,50,4,50,4,50,4,51
2022-05-24,57,2,55,4,52,4,52,4,52,4,53
2022-05-25,71,3,68,5,65,5,65,5,65,5,66
2022-05-26,72,9,63,5,66,5,66,5,66,5,67
2022-05-27,66,5,61,5,61,5,61,5,61,5,61
2022-05-28,45,3,42,3,41,3,41,3,41,3,42
2022-05-29,58,6,52,4,53,4,53,4,53,4,54
2022-05-30,64,3,61,5,59,5,59,5,59,5,59
2022-05-31,65,7,58,5,60,5,60,5,60,5,60
2022-06-01,54,3,51,4,50,4,50,4,50,4,50
2022-06-02,64,3,61,5,59,5,59,5,59,5,59
2022-06-03,88,8,80,7,81,7,81,7,81,7,81
2022-06-04,66,6,60,5,61,5,61,5,61,5,61
2022-06-05,71,5,66,5,65,5,65,5,65,5,66
2022-06-06,72,1,71,5,66,5,66,5,66,5,67
2022-06-07,70,2,68,5,64,5,64,5,64,5,65
2022-06-08,47,4,43,4,43,4,43,4,43,4,43
2022-06-09,79,11,68,6,73,6,73,6,73,6,73
2022-06-10,77,5,72,6,71,6,71,6,71,6,71
2022-06-11,60,4,56,5,55,5,55,5,55,4,56
2022-06-12,72,5,67,5,66,5,66,5,66,5,67
2022-06-13,81,3,78,6,74,6,74,6,74,6,75
2022-06-14,68,3,65,5,62,5,62,5,62,5,63
2022-06-15,58,4,54,4,53,4,53,4,53,4,54
2022-06-16,84,4,80,6,77,6,77,6,77,6,78
2022-06-17,90,9,80,7,83,7,83,7,83,7,83
2022-06-18,61,6,55,5,56,5,56,5,56,5,56
2022-06-19,80,4,76,6,73,6,73,6,73,6,74
2022-06-20,73,3,70,6,67,6,67,6,67,5,68
2022-06-21,75,5,70,6,69,6,69,6,69,6,69
2022-06-22,56,4,52,4,51,4,51,4,51,4,52
2022-06-23,80,6,73,6,73,6,73,6,73,6,74
2022-06-24,87,6,81,7,80,7,80,7,80,6,81
2022-06-25,65,4,61,5,60,5,60,5,60,5,60
2022-06-26,74,5,69,6,68,6,68,6,68,6,68
2022-06-27,46,6,40,3,42,3,42,3,42,3,43
2022-06-28,72,9,63,5,66,5,66,5,66,5,67
2022-06-29,63,4,59,5,58,5,58,5,58,5,58
2022-06-30,75,10,65,6,69,6,69,6,69,6,69
2022-07-01,79,5,74,6,73,6,73,6,73,6,73
2022-07-02,67,3,64,5,62,5,62,5,62,5,62
2022-07-03,80,8,72,6,73,6,73,6,73,6,74
2022-07-04,76,10,66,6,70,6,70,6,70,6,70
2022-07-05,75,7,68,6,69,6,69,6,69,6,69
2022-07-06,78,6,72,6,72,6,72,6,72,6,72
2022-07-07,76,4,72,6,70,6,70,6,70,6,70
2022-07-08,95,4,91,7,87,7,87,7,87,7,88
2022-07-09,72,11,61,5,66,5,66,5,66,5,67
2022-07-10,75,8,67,6,69,6,69,6,69,6,69
2022-07-11,78,4,74,6,72,6,72,6,72,6,72
2022-07-12,73,4,68,6,67,6,67,6,67,5,68
2022-07-13,75,7,67,6,69,6,69,6,69,6,69
2022-07-14,85,4,81,6,78,6,78,6,78,6,79
2022-07-15,85,7,78,6,78,6,78,6,78,6,79
2022-07-16,64,5,59,5,59,5,59,5,59,5,59
2022-07-17,82,10,72,6,75,6,75,6,75,6,76
2022-07-18,85,2,83,6,78,6,78,6,78,6,79
2022-07-19,76,1,75,6,70,6,70,6,70,6,70
2022-07-20,70,6,64,5,64,5,64,5,64,5,65
2022-07-21,76,9,67,6,70,6,70,6,70,6,70
2022-07-22,83,7,75,6,76,6,76,6,76,6,77
2022-07-23,62,6,56,5,57,5,57,5,57,5,57
2022-07-24,74,2,72,6,68,6,68,6,68,6,68
2022-07-25,62,8,54,5,57,5,57,5,57,5,57
2022-07-26,73,2,71,6,67,6,67,6,67,5,68
2022-07-27,60,5,55,5,55,5,55,5,55,4,56
2022-07-28,76,7,69,6,70,6,70,6,70,6,70
2022-07-29,78,5,73,6,72,6,72,6,72,6,72
2022-07-30,66,3,63,5,61,5,61,5,61,5,61
2022-07-31,68,5,63,5,62,5,62,5,62,5,63
2022-08-01,82,7,75,6,75,6,75,6,75,6,76
2022-08-02,65,7,58,5,60,5,60,5,60,5,60
2022-08-03,62,4,58,5,57,5,57,5,57,5,57
2022-08-04,82,7,75,6,75,6,75,6,75,6,76
2022-08-05,96,7,88,7,88,7,88,7,88,7,89
2022-08-06,71,2,69,5,65,5,65,5,65,5,66
2022-08-07,77,5,72,6,71,6,71,6,71,6,71
2022-08-08,69,6,63,5,63,5,63,5,63,5,64
2022-08-09,76,11,65,6,70,6,70,6,70,6,70
2022-08-10,69,3,65,5,63,5,63,5,63,5,64
2022-08-11,91,9,82,7,84,7,84,7,84,7,84
2022-08-12,90,10,79,7,83,7,83,7,83,7,83
2022-08-13,60,4,55,5,55,5,55,5,55,4,56
2022-08-14,91,8,83,7,84,7,84,7,84,7,84
2022-08-15,75,4,71,6,69,6,69,6,69,6,69
2022-08-16,71,6,65,5,65,5,65,5,65,5,66
2022-08-17,77,7,70,6,71,6,71,6,71,6,71
2022-08-18,79,3,74,6,73,6,73,6,73,6,73
2022-08-19,81,11,68,6,74,6,74,6,74,6,75
2022-08-20,66,5,61,5,61,5,61,5,61,5,61
2022-08-21,78,4,71,6,72,6,72,6,72,6,72
2022-08-22,77,8,69,6,71,6,71,6,71,6,71
2022-08-23,61,1,59,5,56,5,56,5,56,5,56
2022-08-24,101,7,94,8,93,8,93,8,93,8,93
2022-08-25,78,9,68,6,72,6,72,6,72,6,72
2022-08-26,75,6,68,6,69,6,69,6,69,6,69
2022-08-27,56,4,52,4,51,4,51,4,51,4,52
2022-08-28,65,6,59,5,60,5,60,5,60,5,60
2022-08-29,72,4,67,5,66,5,66,5,66,5,67
2022-08-30,68,7,61,5,62,5,62,5,62,5,63
2022-08-31,61,5,56,5,56,5,56,5,56,5,56
2022-09-01,84,6,78,6,77,6,77,6,77,6,78
2022-09-02,87,8,79,7,80,7,80,7,80,6,81
2022-09-03,66,6,59,5,61,5,61,5,61,5,61
2022-09-04,83,3,79,6,76,6,76,6,76,6,77
2022-09-05,121,5,116,9,111,9,111,9,111,9,112
2022-09-06,71,9,62,5,65,5,65,5,65,5,66
2022-09-07,66,3,62,5,61,5,61,5,61,5,61
2022-09-08,88,7,81,7,81,7,81,7,81,7,81
2022-09-09,92,8,83,7,84,7,84,7,84,7,85
2022-09-10,72,8,64,5,66,5,66,5,66,5,67
2022-09-11,87,9,78,7,80,7,80,7,80,6,81
2022-09-12,74,3,70,6,68,6,68,6,68,6,68
2022-09-13,71,9,61,5,65,5,65,5,65,5,66
2022-09-14,67,3,64,5,62,5,62,5,62,5,62
2022-09-15,85,7,77,6,78,6,78,6,78,6,79
2022-09-16,84,9,71,6,77,6,77,6,77,6,78
2022-09-17,68,6,60,5,62,5,62,5,62,5,63
2022-09-18,74,6,67,6,68,6,68,6,68,6,68
2022-09-19,75,9,66,6,69,6,69,6,69,6,69
2022-09-20,70,6,63,5,64,5,64,5,64,5,65
2022-09-21,70,4,65,5,64,5,64,5,64,5,65
2022-09-22,84,9,74,6,77,6,77,6,77,6,78
2022-09-23,82,5,77,6,75,6,75,6,75,6,76
2022-09-24,66,6,60,5,61,5,61,5,61,5,61
2022-09-25,74,7,65,6,68,6,68,6,68,6,68
2022-09-26,80,3,76,6,73,6,73,6,73,6,74
2022-09-27,78,7,70,6,72,6,72,6,72,6,72
2022-09-28,81,8,71,6,74,6,74,6,74,6,75
2022-09-29,79,3,76,6,73,6,73,6,73,6,73
2022-09-30,95,9,84,7,87,7,87,7,87,7,88
2022-10-01,79,4,74,6,73,6,73,6,73,6,73
2022-10-02,86,3,81,6,79,6,79,6,79,6,80
2022-10-03,92,10,82,7,84,7,84,7,84,7,85
2022-10-04,80,9,70,6,73,6,73,6,73,6,74
2022-10-05,94,6,87,7,86,7,86,7,86,7,87
2022-10-06,86,10,75,6,79,6,79,6,79,6,80
2022-10-07,106,10,89,8,97,8,97,8,97,8,98
2022-10-08,77,7,68,6,71,6,71,6,71,6,71
2022-10-09,100,8,90,8,92,8,92,8,92,7,93
2022-10-10,91,2,88,7,84,7,84,7,84,7,84
2022-10-11,94,6,87,7,86,7,86,7,86,7,87
2022-10-12,86,6,79,6,79,6,79,6,79,6,80
2022-10-13,105,6,98,8,96,8,96,8,96,8,97
2022-10-14,103,7,94,8,95,8,95,8,95,8,95
2022-10-15,71,9,62,5,65,5,65,5,65,5,66
2022-10-16,93,9,83,7,85,7,85,7,85,7,86
2022-10-17,98,10,86,7,90,7,90,7,90,7,91
2022-10-18,93,7,83,7,85,7,85,7,85,7,86
2022-10-19,92,9,79,7,84,7,84,7,84,7,85
2022-10-20,105,9,93,8,96,8,96,8,96,8,97
2022-10-21,103,6,94,8,95,8,95,8,95,8,95
2022-10-22,77,9,67,6,71,6,71,6,71,6,71
2022-10-23,104,8,93,8,95,8,95,8,95,8,96
2022-10-24,101,9,90,8,93,8,93,8,93,8,93
2022-10-25,93,5,85,7,85,7,85,7,85,7,86
2022-10-26,101,7,92,8,93,8,93,8,93,8,93
2022-10-27,100,4,93,7,92,8,92,8,92,7,93
2022-10-28,103,4,93,8,94,8,95,8,95,8,95
2022-10-29,93,6,83,7,85,7,85,7,85,7,86
2022-10-30,112,11,96,8,103,8,103,8,103,8,104
2022-10-31,102,13,85,8,94,8,94,8,94,8,94
2022-11-01,119,5,109,9,109,9,109,9,109,9,110
2022-11-02,96,7,85,7,88,7,88,7,88,7,89
2022-11-03,120,9,103,9,110,9,110,9,110,9,111
2022-11-04,124,11,106,9,114,9,114,9,114,9,115
2022-11-05,104,6,92,8,95,8,95,8,95,8,96
2022-11-06,121,11,106,9,111,9,111,9,111,9,112
2022-11-07,106,14,87,8,97,8,97,8,97,8,98
2022-11-08,122,13,102,9,112,9,112,9,112,9,113
2022-11-09,107,7,93,8,98,8,98,8,98,8,99
2022-11-10,118,11,102,9,108,9,108,9,108,9,109
2022-11-11,131,11,115,10,120,10,120,10,120,10,121
2022-11-12,116,8,102,9,106,9,106,9,106,9,107
2022-11-13,125,3,111,9,114,9,115,9,115,9,116
2022-11-14,132,9,116,10,121,10,121,10,121,10,122
2022-11-15,126,8,111,9,115,9,116,9,116,9,117
2022-11-16,119,5,106,9,109,9,109,9,109,9,110
2022-11-17,120,6,107,9,110,9,110,9,110,9,111
2022-11-18,129,12,111,9,118,10,118,10,118,10,119
2022-11-19,113,7,96,8,103,8,104,9,104,8,105
2022-11-20,119,8,96,9,109,9,109,9,109,9,110
2022-11-21,120,3,104,9,110,9,110,9,110,9,111
2022-11-22,119,5,107,9,109,9,109,9,109,9,110
2022-11-23,114,6,97,8,104,9,105,9,105,8,106
2022-11-24,122,8,104,9,111,9,112,9,112,9,113
2022-11-25,127,14,98,9,116,9,117,10,117,9,118
2022-11-26,108,7,85,8,99,8,99,8,99,8,100
2022-11-27,119,6,96,9,109,9,109,9,109,9,110
2022-11-28,132,8,118,10,120,10,121,10,121,10,122
2022-11-29,126,13,103,9,115,9,116,9,116,9,117
2022-11-30,124,5,108,9,113,9,114,9,114,9,115
2022-12-01,126,9,100,9,115,9,116,9,116,9,117
2022-12-02,129,11,106,9,117,10,118,10,118,10,119
2022-12-03,118,5,92,8,107,9,108,9,108,9,109
2022-12-04,197,9,170,14,179,15,181,15,181,15,182
2022-12-05,140,11,114,10,127,10,128,11,129,10,130
2022-12-06,135,8,110,10,123,10,124,10,124,10,125
2022-12-07,121,9,95,9,110,9,111,9,111,9,112
2022-12-08,137,11,108,10,124,10,126,10,126,10,127
2022-12-09,142,3,120,10,129,11,130,11,130,11,131
2022-12-10,125,3,106,9,113,9,115,9,115,9,116
2022-12-11,123,6,100,9,111,9,113,9,113,9,114
2022-12-12,132,5,108,9,119,10,121,10,121,10,122
2022-12-13,135,10,108,9,122,10,124,10,124,10,125
2022-12-14,136,9,109,9,123,10,125,10,125,10,126
2022-12-15,141,10,102,10,127,10,129,11,129,11,130
2022-12-16,152,8,117,10,137,11,139,11,139,11,141
2022-12-17,174,5,126,12,156,13,159,13,160,13,161
2022-12-18,133,5,104,9,119,10,122,10,122,10,123
2022-12-19,111,9,79,7,99,8,102,8,102,8,103
2022-12-20,133,8,93,9,119,10,122,10,122,10,123
2022-12-21,125,2,89,8,111,9,114,9,115,9,116
2022-12-22,143,8,98,9,127,10,131,11,131,11,132
2022-12-23,136,4,94,9,121,10,124,10,125,10,126
2022-12-24,122,5,80,8,108,9,111,9,112,9,113
2022-12-25,128,6,92,8,113,9,117,10,117,10,118
2022-12-26,125,4,92,8,110,9,114,9,115,9,116
2022-12-27,128,3,95,8,113,9,117,10,117,10,118
2022-12-28,123,8,85,8,108,9,112,9,113,9,114
2022-12-29,146,1,92,9,128,11,133,11,134,11,135
2022-12-30,145,9,96,9,126,10,132,11,133,11,134
2022-12-31,124,3,82,8,108,9,113,9,114,9,115
2023-01-01,139,2,85,9,120,10,127,10,127,10,129
2023-01-02,139,5,89,8,120,10,126,10,127,10,129
2023-01-03,133,3,79,8,114,9,121,10,122,10,123
2023-01-04,135,0,94,8,115,10,123,10,124,10,125
2023-01-05,130,6,70,8,110,9,118,10,119,10,120
2023-01-06,145,1,90,8,123,10,132,11,133,11,134
2023-01-07,132,3,69,8,111,9,120,10,121,10,122
2023-01-08,130,0,79,7,109,9,118,10,119,10,120
2023-01-09,138,2,77,8,115,10,125,10,126,10,128
2023-01-10,142,0,79,8,117,10,128,10,130,11,131
2023-01-11,129,0,73,7,106,9,117,10,118,10,119
2023-01-12,129,0,75,7,105,9,116,10,118,10,119
2023-01-13,139,0,84,7,112,10,125,10,127,10,129
2023-01-14,132,0,71,7,106,9,119,10,121,10,122
2023-01-15,135,0,65,7,107,9,121,10,124,10,125
2023-01-16,131,0,49,6,103,9,118,10,120,10,121
2023-01-17,131,0,58,6,102,9,117,10,120,10,121
2023-01-18,122,0,51,6,94,8,109,9,112,9,113
2023-01-19,125,0,52,6,95,8,112,9,114,9,116
2023-01-20,131,0,65,6,99,9,117,10,120,10,121
2023-01-21,115,0,48,5,86,8,102,8,105,9,106
2023-01-22,120,0,48,5,88,8,107,9,110,9,111
2023-01-23,121,0,53,5,88,8,107,9,111,9,112
2023-01-24,128,0,37,5,92,8,113,9,117,10,118
2023-01-25,108,0,40,4,76,7,95,8,99,8,100
2023-01-26,191,0,52,6,133,12,168,14,174,14,177
2023-01-27,142,0,36,4,97,9,124,10,130,11,131
2023-01-28,106,0,34,3,71,7,93,8,97,8,98
2023-01-29,124,0,31,3,82,8,108,9,113,9,115
2023-01-30,126,0,36,3,81,8,109,9,115,9,117
2023-01-31,119,0,27,3,75,7,103,9,108,9,110
2023-02-01,156,0,41,3,97,9,134,11,142,12,144
2023-02-02,126,0,24,2,77,8,108,9,115,9,117
2023-02-03,136,0,20,2,81,8,116,10,124,10,126
2023-02-04,111,0,10,1,64,6,94,8,101,8,103
2023-02-05,132,0,14,1,75,8,112,9,120,10,122
2023-02-06,123,0,13,1,68,7,103,9,112,9,114
2023-02-07,119,0,8,0,64,7,99,8,108,9,110
2023-02-08,119,0,15,0,62,7,99,8,108,9,110
2023-02-09,126,0,9,0,64,7,104,9,114,9,117
2023-02-10,129,0,1,0,63,7,106,9,117,10,119
2023-02-11,107,0,3,0,51,6,87,7,97,8,99
2023-02-12,127,0,3,0,59,7,103,9,114,9,118
2023-02-13,120,0,0,0,53,6,96,8,108,9,111
2023-02-14,112,0,0,0,48,6,89,8,101,8,104
2023-02-15,95,0,1,0,39,5,75,6,85,7,88
2023-02-16,115,0,0,0,46,5,90,8,103,9,106
2023-02-17,111,0,0,0,43,5,86,7,99,8,103
2023-02-18,88,0,0,0,33,4,67,6,79,7,81
2023-02-19,104,0,1,0,37,4,78,7,93,8,96
2023-02-20,104,0,0,0,36,4,78,7,93,8,96
2023-02-21,108,0,1,0,35,4,79,7,96,8,100
2023-02-22,94,0,2,0,30,4,68,6,83,7,87
2023-02-23,109,0,0,0,33,4,78,7,96,8,101
2023-02-24,103,0,0,0,30,4,73,7,91,8,95
2023-02-25,93,0,0,0,26,3,65,6,82,7,86
2023-02-26,104,0,1,0,27,3,71,7,91,8,96
2023-02-27,107,0,2,0,27,3,72,7,94,8,99
2023-02-28,103,0,0,0,25,3,68,6,90,8,95
2023-03-01,99,0,1,0,22,2,64,6,86,7,92
2023-03-02,104,0,0,0,22,2,66,6,90,8,96
2023-03-03,114,0,0,0,23,2,71,7,98,8,106
2023-03-04,96,0,0,0,19,2,58,6,82,7,89
2023-03-05,97,0,0,0,18,1,58,6,83,7,90
2023-03-06,103,0,0,0,18,1,60,6,88,8,95
2023-03-07,98,0,1,0,16,1,55,6,83,7,91
2023-03-08,82,0,0,0,13,1,45,5,69,6,76
2023-03-09,152,0,0,0,23,0,81,9,127,11,141
2023-03-10,106,0,0,0,15,0,55,6,88,8,98
2023-03-11,86,0,1,0,11,0,44,5,71,6,80
2023-03-12,97,0,0,0,12,0,48,5,80,7,90
2023-03-13,98,0,0,0,12,0,47,5,80,7,91
2023-03-14,104,0,0,0,12,0,48,5,84,8,96
2023-03-15,86,0,0,0,9,0,38,4,69,6,80
2023-03-16,100,0,0,0,10,0,43,5,79,7,93
2023-03-17,109,0,0,0,10,0,45,5,86,8,101
2023-03-18,85,0,1,0,8,0,34,4,66,6,79
2023-03-19,96,0,1,0,8,0,37,4,74,7,89
2023-03-20,85,0,0,0,7,0,32,4,65,6,79
2023-03-21,90,0,0,0,7,0,32,4,68,7,83
2023-03-22,76,0,0,0,5,0,26,3,57,6,70
2023-03-23,94,0,0,0,6,0,31,4,69,7,87
2023-03-24,88,0,0,0,5,0,28,3,64,7,81
2023-03-25,72,0,0,0,4,0,22,3,52,5,67
2023-03-26,93,0,0,0,5,0,27,3,66,7,86
2023-03-27,85,0,0,0,4,0,23,3,59,6,79
2023-03-28,84,0,0,0,4,0,22,3,57,6,78
2023-03-29,79,0,0,0,4,0,20,2,53,6,73
2023-03-30,89,0,0,0,4,0,21,2,59,7,82
2023-03-31,105,0,0,0,4,0,24,3,68,8,97
2023-04-01,75,0,0,0,3,0,16,2,48,6,69
2023-04-02,90,0,0,0,3,0,18,2,56,7,83
2023-04-03,92,0,0,0,3,0,18,2,56,7,85
2023-04-04,89,0,1,0,3,0,16,1,53,7,82
2023-04-05,77,0,1,0,2,0,13,1,45,6,71
2023-04-06,89,0,0,0,2,0,15,1,50,7,82
2023-04-07,101,0,0,0,3,0,16,1,56,8,93
2023-04-08,75,0,0,0,2,0,11,0,40,6,69
2023-04-09,94,0,0,0,2,0,13,0,49,7,87
2023-04-10,82,0,0,0,2,0,11,0,42,6,76
2023-04-11,86,0,0,0,2,0,11,0,42,6,80
2023-04-12,81,0,0,0,1,0,10,0,39,6,75
2023-04-13,121,0,0,0,2,0,14,0,56,9,112
2023-04-14,101,0,0,0,2,0,11,0,45,8,93
2023-04-15,79,0,0,0,1,0,8,0,34,6,73
2023-04-16,82,0,1,0,1,0,8,0,34,6,76
2023-04-17,78,0,0,0,1,0,7,0,31,6,72
2023-04-18,76,0,0,0,1,0,6,0,29,6,70
2023-04-19,75,0,0,0,1,0,6,0,28,6,69
2023-04-20,80,0,0,0,1,0,6,0,29,6,74
2023-04-21,84,0,0,0,1,0,6,0,29,6,78
2023-04-22,72,0,0,0,1,0,5,0,24,5,67
2023-04-23,94,0,0,0,1,0,6,0,30,7,87
2023-04-24,84,0,0,0,1,0,5,0,25,6,78
2023-04-25,86,0,0,0,1,0,5,0,25,6,80
2023-04-26,77,0,0,0,1,0,4,0,21,6,71
2023-04-27,131,0,0,0,1,0,6,0,34,10,121
2023-04-28,90,0,0,0,1,0,4,0,22,7,83
2023-04-29,78,0,0,0,0,0,3,0,19,6,72
2023-04-30,92,0,0,0,1,0,4,0,21,7,85
2023-05-01,91,0,0,0,0,0,3,0,20,7,84
2023-05-02,90,0,0,0,0,0,3,0,18,7,83
2023-05-03,80,0,0,0,0,0,3,0,16,6,74
2023-05-04,133,0,0,0,1,0,4,0,25,10,123
2023-05-05,98,0,0,0,0,0,3,0,17,7,91
2023-05-06,72,0,0,0,0,0,2,0,12,5,67
2023-05-07,88,0,0,0,0,0,2,0,14,7,81
2023-05-08,96,0,0,0,0,0,2,0,14,7,89
2023-05-09,101,0,0,0,0,0,2,0,14,8,93
